Bud Davis  jimmie.davis@uta.edu  BudDavis
Ahmad Salem afs1009@mavs.uta.edu    afs1009
Mahad Imran mxi0287mavs.uta.edu  MahadImran1
Sagar Khadka	sxk0000@mavs.uta.edu	uta-sxk0000
Sandesh Kakshapati sxk0592@mavs.uta.edu  sxk0592
Laxman Bhushal  laxman.bhushal@mavs.uta.edu lxb2746
Aadarsh Pokharel    axp9210@mavs.uta.edu    axp9210
Kritazya Upreti  kxu8961@mavs.uta.edu  uta-kxu8961
Brant Robbins  brant.robbins@mavs.uta.edu  infophysix
Tammy Ho    txh5558@mavs.uta.edu    uta-txh5558
Cleona Hua	ceh6514@mavs.uta.edu	ceh6514
Aashreeya Karmacharya   axk6637@mavs.uta.edu    axk6637 
Shawn Abraham	sxa0449@mavs.uta.edu	ShawnAbe12
Dang Lam	dkl6681@mavs.uta.edu	dkl6681
Yukesh Shrestha yxs9255@mavs.uta.edu yxs9255
Amir Afkhami	axa5895@mavs.uta.edu	Amir-Afkhami
Miwa Yoshida	mxy5703@mavs.uta.edu	Miwa-11
Oscar Guerrero oxg8439@mavs.uta.edu Talaian01
Swastik Paudel  sxp8141@mavs.uta.edu Swastik8141
Subash Gyawali	sxg3541@mavs.uta.edu	SubashGyawali-lab
Edwin Najera    eln2105@mavs.uta.edu    uta-1002062105
Anubhav Pokhrel axp2758@mavs.uta.edu  axp2758
Darshan Babu Shrestha   dbs6231@mavs.uta.edu    1002116231
Jonathan Wright jpw3990@mavs.uta.edu uta-jpw3990
Nathan Tran	ntv1009@mavs.uta.edu	uta-ntv1009
Udij Biplavi uxb5118@mavs.uta.edu uta-Udijb777
Pukar Baniya pxb9836@mavs.uta.edu  uta-pxb9836
Aakash Thapa axt29482@mavs.uta.edu  axt2948
Gavin Farnan    grf2380@mavs.uta.edu   GavinFar
Devyn Gayle     deg4898@mavs.uta.edu   DevynG-4898
Isabel Muniz	ixm9432@mavs.uta.edu	uta-ixm9432
Juan Mejorado   jxm8517@mavs.uta.edu    ToniiGP
Aryan Prasain	axp0874@mavs.uta.edu	uta-1001990874
Siddharth Shivaji Murkute   sxm5905@mavs.uta.edu    sidhderth
Raisa Tasnim	rxt7966@mavs.uta.edu	gitraisa
Abdulrahman Hassan   ahh0004@mavs.uta.edu   AxB-H
